day,temperature_2m_max,temperature_2m_min,temperature_2m_mean,relative_humidity_2m_max,relative_humidity_2m_min,wind_speed_10m_max,precipitation_sum,et0_fao_evapotranspiration,governorate,type,zones,reports_down,reports_up,reports_total
2026-07-23,40.6,26.8,33.1,69,20,11.4,0.0,6.86,Ariana,electricity,159.0,184,206.0,184
2026-07-23,43.3,26.1,33.7,50,13,16.4,0.0,7.57,Beja,,,0,,0
2026-07-23,40.1,27.0,32.6,60,19,14.1,0.0,6.85,Ben Arous,electricity,74.0,81,104.0,81
2026-07-23,35.7,25.9,30.9,75,33,17.2,0.0,7.04,Bizerte,electricity,15.0,16,27.0,16
2026-07-23,39.3,28.9,35.0,85,25,16.7,0.0,7.92,Gabes,,,0,,0
2026-07-23,46.3,29.3,38.6,24,5,21.3,0.0,9.13,Gafsa,electricity,1.0,1,1.0,1
2026-07-23,46.3,25.2,34.4,72,8,18.6,0.0,7.48,Jendouba,electricity,0.0,0,1.0,0
2026-07-23,45.6,27.6,36.0,51,8,14.3,0.0,7.13,Kairouan,electricity,6.0,6,5.0,6
2026-07-23,42.8,26.2,35.6,23,5,17.4,0.0,8.04,Kasserine,electricity,6.0,6,1.0,6
2026-07-23,47.4,30.3,39.9,46,5,18.7,0.0,10.31,Kebili,,,0,,0
2026-07-23,42.3,26.9,33.4,40,6,25.8,0.0,9.35,Kef,,,0,,0
2026-07-23,36.4,26.2,31.8,84,42,20.6,0.0,6.79,Mahdia,electricity,7.0,7,11.0,7
2026-07-23,43.4,25.6,33.9,68,16,11.6,0.0,6.73,Manouba,electricity,27.0,29,38.0,29
2026-07-23,47.6,29.3,38.1,30,6,26.8,0.0,8.98,Medenine,,,0,,0
2026-07-23,37.5,27.1,32.3,83,42,17.8,0.0,6.76,Monastir,electricity,6.0,6,16.0,6
2026-07-23,35.1,26.5,31.4,73,36,13.0,0.0,6.57,Nabeul,electricity,22.0,22,41.0,22
2026-07-23,39.4,27.3,33.8,59,28,12.4,0.0,7.13,Sfax,electricity,79.0,83,79.0,83
2026-07-23,46.3,27.5,36.9,35,4,21.3,0.0,8.16,Sidi Bouzid,electricity,1.0,1,5.0,1
2026-07-23,44.1,28.1,35.8,35,7,24.2,0.0,9.2,Siliana,electricity,3.0,3,0.0,3
2026-07-23,38.5,26.8,32.9,76,35,15.5,0.0,6.84,Sousse,electricity,26.0,27,24.0,27
2026-07-23,46.5,33.5,39.6,18,5,29.4,0.0,10.46,Tataouine,electricity,6.0,6,2.0,6
2026-07-23,47.3,32.9,40.4,28,6,18.8,0.0,10.21,Tozeur,electricity,2.0,2,0.0,2
2026-07-23,42.6,26.8,33.9,68,17,10.3,0.0,6.57,Tunis,electricity,61.0,73,95.0,73
2026-07-23,44.4,26.2,34.5,60,10,19.2,0.0,7.0,Zaghouan,electricity,1.0,1,6.0,1
2026-07-24,37.4,27.2,31.4,70,22,16.2,0.0,7.62,Ariana,electricity,68.0,76,120.0,76
2026-07-24,37.3,25.4,31.1,86,21,18.0,0.0,7.66,Beja,,,0,,0
2026-07-24,36.7,27.3,31.0,75,29,17.6,0.0,7.39,Ben Arous,electricity,52.0,55,76.0,55
2026-07-24,33.1,26.9,29.7,78,45,23.7,0.0,7.01,Bizerte,electricity,7.0,7,14.0,7
2026-07-24,36.2,30.8,33.4,63,12,21.9,0.0,7.94,Gabes,,,0,,0
2026-07-24,45.5,29.6,37.5,44,5,21.7,0.0,9.3,Gafsa,electricity,1.0,0,1.0,0
2026-07-24,40.7,25.4,33.1,64,19,14.8,0.0,7.47,Jendouba,electricity,0.0,0,2.0,0
2026-07-24,42.1,28.4,34.3,56,18,18.5,0.0,7.82,Kairouan,electricity,3.0,3,2.0,3
2026-07-24,41.6,26.4,34.5,42,8,20.1,0.0,8.94,Kasserine,electricity,3.0,3,1.0,3
2026-07-24,47.1,32.7,38.9,37,6,38.8,0.0,9.54,Kebili,,,0,,0
2026-07-24,37.2,24.0,30.8,55,19,17.2,0.0,7.3,Kef,,,0,,0
2026-07-24,36.0,27.5,31.2,85,36,22.4,0.0,7.43,Mahdia,electricity,8.0,8,11.0,8
2026-07-24,38.5,27.2,32.2,70,20,17.1,0.0,7.96,Manouba,electricity,15.0,15,36.0,15
2026-07-24,40.2,30.0,34.9,62,18,23.7,0.0,9.86,Medenine,,,0,,0
2026-07-24,35.2,28.3,31.1,86,41,18.3,0.0,7.13,Monastir,electricity,2.0,2,16.0,2
2026-07-24,36.9,26.5,31.3,75,21,28.3,0.0,9.25,Nabeul,electricity,24.0,24,31.0,24
2026-07-24,40.2,28.9,33.2,66,24,19.2,0.1,7.99,Sfax,electricity,61.0,66,96.0,66
2026-07-24,45.0,28.2,35.4,54,6,23.3,0.7,8.42,Sidi Bouzid,electricity,0.0,0,1.0,0
2026-07-24,39.8,25.1,32.4,52,18,18.6,0.0,8.02,Siliana,electricity,3.0,0,0.0,0
2026-07-24,37.1,27.8,31.9,83,32,17.1,0.0,7.64,Sousse,electricity,19.0,21,14.0,21
2026-07-24,41.3,30.1,36.2,45,9,22.9,0.0,10.32,Tataouine,electricity,1.0,1,4.0,1
2026-07-24,48.1,33.3,40.6,39,5,30.3,0.0,9.44,Tozeur,electricity,2.0,2,1.0,2
2026-07-24,38.6,27.4,32.0,69,20,14.4,0.0,7.55,Tunis,electricity,19.0,23,51.0,23
2026-07-24,39.3,26.3,31.5,68,19,20.4,0.0,8.07,Zaghouan,electricity,2.0,2,6.0,2
2026-07-25,37.9,25.8,31.5,82,35,16.1,0.0,6.97,Ariana,electricity,1612.0,3264,2855.0,3264
2026-07-25,42.7,22.4,32.1,78,12,14.9,0.0,6.93,Beja,,,0,,0
2026-07-25,37.2,23.9,30.7,87,37,18.0,0.0,7.05,Ben Arous,electricity,1385.0,2147,2004.0,2147
2026-07-25,36.7,25.8,31.2,86,41,23.8,0.0,7.3,Bizerte,electricity,570.0,641,602.0,641
2026-07-25,34.5,28.7,31.6,75,49,20.9,0.0,7.09,Gabes,,,0,,0
2026-07-25,41.9,26.2,34.2,78,16,13.1,0.0,7.86,Gafsa,electricity,63.0,70,85.0,70
2026-07-25,44.7,24.5,33.8,51,12,13.8,0.0,6.86,Jendouba,electricity,50.0,55,87.0,55
2026-07-25,41.8,25.9,33.6,79,21,18.6,0.0,7.79,Kairouan,electricity,25.0,26,52.0,26
2026-07-25,39.5,24.6,32.6,64,15,21.7,0.4,7.6,Kasserine,electricity,59.0,60,74.0,60
2026-07-25,45.5,28.4,36.2,58,10,30.3,0.0,9.92,Kebili,,,0,,0
2026-07-25,41.3,23.5,32.3,42,9,19.5,0.0,7.7,Kef,,,0,,0
2026-07-25,33.4,24.8,29.7,86,50,23.8,0.0,6.53,Mahdia,electricity,203.0,216,293.0,216
2026-07-25,39.4,24.3,31.8,87,31,16.7,0.0,7.13,Manouba,electricity,854.0,1424,1128.0,1424
2026-07-25,40.9,26.5,32.9,78,19,23.2,0.0,8.58,Medenine,,,0,,0
2026-07-25,35.6,25.4,30.9,83,43,25.3,0.1,7.1,Monastir,electricity,233.0,270,453.0,270
2026-07-25,31.4,24.8,28.4,85,57,25.0,0.0,5.97,Nabeul,electricity,532.0,571,934.0,571
2026-07-25,34.3,25.3,30.2,86,44,15.2,0.0,6.4,Sfax,electricity,817.0,1024,1118.0,1024
2026-07-25,40.8,25.5,32.6,81,18,20.0,0.0,7.83,Sidi Bouzid,electricity,66.0,67,117.0,67
2026-07-25,42.3,24.0,32.4,57,15,19.9,1.7,7.97,Siliana,electricity,56.0,59,109.0,59
2026-07-25,38.0,24.6,31.5,91,35,20.4,0.0,7.23,Sousse,electricity,430.0,449,648.0,449
2026-07-25,40.9,26.5,33.7,60,16,20.9,0.0,9.19,Tataouine,electricity,77.0,112,127.0,112
2026-07-25,46.6,29.4,37.2,55,8,31.2,0.0,11.65,Tozeur,electricity,40.0,40,74.0,40
2026-07-25,38.3,24.7,31.6,93,35,14.5,0.0,6.81,Tunis,electricity,681.0,1126,1320.0,1126
2026-07-25,37.5,24.0,30.4,76,34,20.9,0.0,7.56,Zaghouan,electricity,140.0,145,167.0,145
2026-07-26,39.1,28.3,32.7,74,28,19.1,0.0,6.02,Ariana,electricity,1591.0,2966,3043.0,2966
2026-07-26,40.1,26.0,31.1,79,22,25.6,0.1,6.43,Beja,,,0,,0
2026-07-26,38.2,28.4,32.8,74,34,17.9,0.0,6.41,Ben Arous,electricity,1244.0,1732,1730.0,1732
2026-07-26,32.7,27.7,29.8,89,61,24.6,0.1,5.42,Bizerte,electricity,551.0,606,613.0,606
2026-07-26,37.8,29.2,33.3,67,41,27.2,0.1,8.0,Gabes,,,0,,0
2026-07-26,44.6,29.0,36.3,50,6,19.1,0.0,8.87,Gafsa,electricity,35.0,39,58.0,39
2026-07-26,42.1,27.2,32.2,76,23,22.0,0.6,6.0,Jendouba,electricity,39.0,43,90.0,43
2026-07-26,43.7,28.0,34.3,58,18,22.8,0.2,7.87,Kairouan,electricity,47.0,50,62.0,50
2026-07-26,41.5,25.9,34.2,62,8,26.1,0.0,8.46,Kasserine,electricity,38.0,38,79.0,38
2026-07-26,48.4,29.5,38.7,48,5,26.1,0.0,10.49,Kebili,,,0,,0
2026-07-26,37.5,24.3,30.0,78,23,24.7,1.6,6.51,Kef,,,0,,0
2026-07-26,38.6,27.7,31.5,85,31,33.5,0.0,6.41,Mahdia,electricity,144.0,157,267.0,157
2026-07-26,41.0,28.1,33.3,75,25,21.7,0.2,6.38,Manouba,electricity,785.0,1118,1209.0,1118
2026-07-26,46.8,28.1,36.6,61,7,27.6,0.0,10.78,Medenine,,,0,,0
2026-07-26,39.0,28.1,32.7,78,37,25.4,0.0,6.92,Monastir,electricity,175.0,180,302.0,180
2026-07-26,32.4,28.2,30.1,83,65,24.2,0.0,5.49,Nabeul,electricity,453.0,494,831.0,494
2026-07-26,35.0,28.8,31.9,81,51,18.6,0.0,6.69,Sfax,electricity,1106.0,1530,1522.0,1530
2026-07-26,41.9,26.6,33.9,59,17,24.7,0.0,9.02,Sidi Bouzid,electricity,56.0,56,96.0,56
2026-07-26,40.9,25.4,32.7,82,15,27.9,1.2,7.97,Siliana,electricity,30.0,30,83.0,30
2026-07-26,40.5,27.6,33.2,76,31,21.1,0.6,6.79,Sousse,electricity,266.0,287,607.0,287
2026-07-26,45.5,29.4,37.5,44,7,21.8,0.0,10.67,Tataouine,electricity,48.0,62,99.0,62
2026-07-26,49.1,31.9,39.8,44,4,30.5,0.0,11.28,Tozeur,electricity,50.0,52,87.0,52
2026-07-26,39.9,28.6,33.4,72,28,17.8,0.2,6.22,Tunis,electricity,624.0,988,1492.0,988
2026-07-26,38.9,26.2,31.6,74,30,22.3,0.3,6.4,Zaghouan,electricity,106.0,107,146.0,107
2026-07-27,33.3,26.2,29.3,86,37,17.5,0.5,5.7,Ariana,electricity,471.0,525,1763.0,525
2026-07-27,31.6,23.9,27.4,93,39,20.5,1.7,5.82,Beja,,,0,,0
2026-07-27,33.5,25.6,29.4,83,38,16.6,0.2,5.71,Ben Arous,electricity,265.0,277,988.0,277
2026-07-27,30.7,26.1,28.5,84,47,23.8,0.0,6.23,Bizerte,electricity,277.0,292,415.0,292
2026-07-27,34.2,29.5,31.4,80,38,29.6,0.0,5.3,Gabes,,,0,,0
2026-07-27,37.9,28.9,33.1,63,30,29.2,0.0,9.05,Gafsa,electricity,15.0,15,26.0,15
2026-07-27,34.5,25.0,29.2,87,36,17.5,1.1,5.72,Jendouba,electricity,14.0,14,39.0,14
2026-07-27,37.4,26.6,31.4,74,32,21.9,0.0,7.34,Kairouan,electricity,8.0,8,26.0,8
2026-07-27,33.5,24.4,29.1,69,35,16.2,0.5,5.51,Kasserine,electricity,36.0,37,42.0,37
2026-07-27,39.9,30.1,34.0,63,31,41.3,0.0,8.94,Kebili,,,0,,0
2026-07-27,29.6,21.3,25.1,90,40,19.2,0.0,4.63,Kef,,,0,,0
2026-07-27,33.4,26.5,30.1,86,44,25.8,0.0,5.74,Mahdia,electricity,36.0,36,187.0,36
2026-07-27,33.7,26.0,29.6,85,36,18.9,0.6,6.05,Manouba,electricity,200.0,246,722.0,246
2026-07-27,40.1,28.8,34.2,83,16,26.7,0.0,7.69,Medenine,,,0,,0
2026-07-27,32.6,26.8,29.8,86,54,25.5,0.0,5.77,Monastir,electricity,43.0,43,182.0,43
2026-07-27,34.9,23.9,29.2,87,32,32.1,0.7,6.38,Nabeul,electricity,196.0,210,517.0,210
2026-07-27,37.2,27.9,31.9,78,39,24.0,0.0,6.81,Sfax,electricity,358.0,398,818.0,398
2026-07-27,35.7,26.1,30.4,71,32,24.7,0.0,7.33,Sidi Bouzid,electricity,29.0,29,72.0,29
2026-07-27,31.6,23.5,27.2,86,40,19.0,0.3,4.83,Siliana,electricity,14.0,15,49.0,15
2026-07-27,33.7,25.7,29.8,83,39,25.6,0.2,6.45,Sousse,electricity,103.0,105,423.0,105
2026-07-27,40.4,27.6,35.1,85,14,31.7,2.7,9.27,Tataouine,electricity,37.0,52,64.0,52
2026-07-27,42.1,32.2,36.8,49,23,36.6,0.0,11.31,Tozeur,electricity,18.0,19,56.0,19
2026-07-27,33.8,26.4,29.6,85,35,16.3,0.4,5.71,Tunis,electricity,393.0,497,1059.0,497
2026-07-27,33.4,25.2,28.9,89,35,20.4,0.9,6.4,Zaghouan,electricity,30.0,31,90.0,31
2026-07-28,33.2,23.8,28.2,81,38,15.0,0.1,6.27,Ariana,electricity,256.0,288,1119.0,288
2026-07-28,32.3,21.3,26.4,87,38,18.5,0.0,6.31,Beja,,,0,,0
2026-07-28,32.4,23.8,27.8,81,42,18.9,0.0,6.08,Ben Arous,electricity,218.0,259,636.0,259
2026-07-28,30.8,25.6,27.9,76,56,22.2,0.0,6.28,Bizerte,electricity,75.0,91,248.0,91
2026-07-28,31.7,27.2,29.5,75,53,28.3,0.0,7.02,Gabes,,,0,,0
2026-07-28,36.8,25.2,30.9,59,19,29.7,0.0,9.17,Gafsa,electricity,5.0,5,16.0,5
2026-07-28,34.8,21.5,27.9,89,34,14.1,0.0,6.31,Jendouba,electricity,10.0,10,22.0,10
2026-07-28,36.4,24.1,29.6,72,26,21.4,0.0,7.58,Kairouan,electricity,2.0,2,19.0,2
2026-07-28,34.6,21.1,27.8,69,17,15.5,0.0,7.17,Kasserine,electricity,12.0,12,26.0,12
2026-07-28,36.8,26.4,31.5,59,27,41.7,0.0,10.25,Kebili,,,0,,0
2026-07-28,31.2,17.3,24.2,99,29,17.5,0.0,6.24,Kef,,,0,,0
2026-07-28,32.1,25.9,28.5,76,46,22.4,0.0,6.85,Mahdia,electricity,33.0,37,107.0,37
2026-07-28,35.1,23.5,28.7,82,33,16.5,0.0,6.53,Manouba,electricity,113.0,121,421.0,121
2026-07-28,35.0,27.1,30.4,83,43,28.9,0.0,7.43,Medenine,,,0,,0
2026-07-28,31.7,25.6,28.3,76,53,22.1,0.0,6.7,Monastir,electricity,26.0,26,116.0,26
2026-07-28,33.9,23.5,28.1,81,37,22.6,0.0,7.02,Nabeul,electricity,193.0,195,306.0,195
2026-07-28,34.8,25.6,29.6,72,33,22.4,0.0,7.64,Sfax,electricity,111.0,115,474.0,115
2026-07-28,34.5,23.3,28.7,68,24,21.9,0.0,7.85,Sidi Bouzid,electricity,9.0,9,25.0,9
2026-07-28,33.1,20.1,26.3,91,30,17.3,0.0,6.57,Siliana,electricity,10.0,10,30.0,10
2026-07-28,32.1,23.8,28.0,77,43,17.1,0.0,6.68,Sousse,electricity,63.0,67,273.0,67
2026-07-28,34.4,25.7,28.9,89,45,26.9,0.0,6.87,Tataouine,electricity,7.0,7,30.0,7
2026-07-28,38.8,28.7,33.7,53,21,28.3,0.0,10.2,Tozeur,electricity,9.0,9,31.0,9
2026-07-28,34.5,23.7,28.6,82,35,13.8,0.0,6.25,Tunis,electricity,306.0,360,683.0,360
2026-07-28,34.6,21.7,27.6,88,31,19.6,0.0,6.67,Zaghouan,electricity,16.0,16,50.0,16
2026-07-29,31.3,24.6,28.0,86,52,14.1,0.0,5.68,Ariana,electricity,175.0,187,758.0,187
2026-07-29,35.7,20.5,27.6,97,32,17.0,0.0,6.12,Beja,,,0,,0
2026-07-29,31.4,25.0,28.0,86,51,13.6,0.1,5.7,Ben Arous,electricity,100.0,108,410.0,108
2026-07-29,30.4,25.4,27.7,84,60,14.0,0.1,5.54,Bizerte,electricity,55.0,58,153.0,58
2026-07-29,33.1,26.8,29.6,72,50,16.9,0.0,6.53,Gabes,,,0,,0
2026-07-29,37.1,24.4,30.8,71,19,18.8,0.0,7.82,Gafsa,electricity,4.0,4,7.0,4
2026-07-29,37.4,20.5,28.2,97,29,15.7,0.0,6.23,Jendouba,electricity,4.0,4,12.0,4
2026-07-29,35.0,24.3,29.4,78,38,14.7,0.7,6.14,Kairouan,electricity,1.0,1,14.0,1
2026-07-29,35.5,21.2,28.2,77,18,14.1,0.0,6.86,Kasserine,electricity,7.0,7,14.0,7
2026-07-29,37.3,26.0,31.5,68,25,24.9,0.0,8.54,Kebili,,,0,,0
2026-07-29,32.7,17.9,25.5,94,22,16.0,0.0,6.42,Kef,,,0,,0
2026-07-29,31.7,26.0,28.5,84,56,21.8,1.7,5.94,Mahdia,electricity,15.0,15,77.0,15
2026-07-29,33.8,23.9,28.5,86,44,13.2,0.0,5.87,Manouba,electricity,67.0,82,306.0,82
2026-07-29,34.1,24.5,29.4,86,44,21.2,0.0,6.71,Medenine,,,0,,0
2026-07-29,30.6,26.6,28.2,80,64,21.8,1.7,5.74,Monastir,electricity,30.0,32,79.0,32
2026-07-29,31.7,25.0,28.3,84,51,16.4,3.2,5.87,Nabeul,electricity,55.0,57,224.0,57
2026-07-29,34.2,24.8,29.4,82,44,19.6,1.9,6.35,Sfax,electricity,165.0,197,353.0,197
2026-07-29,35.5,22.2,28.6,86,28,19.0,0.0,7.0,Sidi Bouzid,electricity,5.0,5,12.0,5
2026-07-29,33.9,20.3,26.9,95,28,15.8,0.0,6.35,Siliana,electricity,3.0,3,12.0,3
2026-07-29,31.5,24.9,28.2,85,55,16.8,0.0,5.85,Sousse,electricity,19.0,19,160.0,19
2026-07-29,34.0,22.7,28.2,93,40,22.2,0.0,6.71,Tataouine,electricity,2.0,2,26.0,2
2026-07-29,38.2,27.0,32.8,61,24,26.9,0.0,7.76,Tozeur,electricity,0.0,0,10.0,0
2026-07-29,32.4,24.5,28.5,85,48,12.7,0.1,5.75,Tunis,electricity,188.0,209,510.0,209
2026-07-29,33.4,22.8,27.7,89,41,15.5,0.4,5.7,Zaghouan,electricity,8.0,8,30.0,8
2026-07-30,32.7,25.1,28.8,91,51,13.6,0.0,5.66,Ariana,electricity,661.0,1043,990.0,1043
2026-07-30,36.5,21.4,28.5,96,28,15.0,0.0,6.04,Beja,,,0,,0
2026-07-30,32.6,25.7,28.9,87,54,14.8,0.0,5.6,Ben Arous,electricity,398.0,547,611.0,547
2026-07-30,31.4,26.1,28.5,84,60,14.2,0.0,5.38,Bizerte,electricity,227.0,261,196.0,261
2026-07-30,32.7,27.1,29.8,78,51,17.7,0.0,6.27,Gabes,,,0,,0
2026-07-30,37.6,24.9,31.4,80,21,17.4,0.0,7.72,Gafsa,electricity,3.0,3,8.0,3
2026-07-30,37.8,22.2,29.8,95,25,18.7,0.0,6.49,Jendouba,electricity,4.0,4,12.0,4
2026-07-30,36.1,25.0,30.1,87,33,17.9,0.1,6.55,Kairouan,electricity,22.0,24,20.0,24
2026-07-30,35.3,22.0,28.7,87,22,19.2,0.0,7.03,Kasserine,electricity,5.0,5,4.0,5
2026-07-30,37.8,26.7,32.2,73,27,22.1,0.0,7.97,Kebili,,,0,,0
2026-07-30,33.5,19.8,26.9,88,28,17.0,0.0,6.59,Kef,,,0,,0
2026-07-30,32.6,26.6,29.1,87,51,21.0,0.9,6.16,Mahdia,electricity,22.0,22,65.0,22
2026-07-30,34.8,24.6,29.3,90,41,14.4,0.0,5.97,Manouba,electricity,247.0,298,341.0,298
2026-07-30,34.7,25.9,30.0,86,37,21.8,0.0,6.98,Medenine,,,0,,0
2026-07-30,31.8,26.7,29.0,86,56,19.0,0.7,5.92,Monastir,electricity,26.0,27,63.0,27
2026-07-30,33.8,25.1,29.0,91,46,16.5,1.2,5.94,Nabeul,electricity,164.0,176,252.0,176
2026-07-30,34.1,25.3,29.5,87,44,20.0,1.0,6.46,Sfax,electricity,461.0,555,438.0,555
2026-07-30,35.6,23.3,29.3,94,28,20.1,0.0,7.19,Sidi Bouzid,electricity,8.0,8,13.0,8
2026-07-30,34.2,20.7,27.5,99,33,16.4,0.0,6.38,Siliana,electricity,13.0,13,12.0,13
2026-07-30,32.8,25.6,28.9,87,49,15.9,0.0,6.02,Sousse,electricity,79.0,79,139.0,79
2026-07-30,34.0,24.2,28.7,92,35,22.3,0.0,6.93,Tataouine,electricity,19.0,22,31.0,22
2026-07-30,38.4,27.7,33.4,73,28,29.7,0.0,7.41,Tozeur,electricity,15.0,15,21.0,15
2026-07-30,33.7,25.3,29.3,88,46,12.7,0.0,5.78,Tunis,electricity,243.0,322,492.0,322
2026-07-30,34.1,23.5,28.2,95,41,14.3,0.0,5.83,Zaghouan,electricity,16.0,16,32.0,16
2026-07-31,34.5,25.1,29.5,91,35,11.6,0.0,6.1,Ariana,electricity,324.0,397,625.0,397
2026-07-31,37.7,22.6,30.0,96,24,16.6,0.0,6.47,Beja,,,0,,0
2026-07-31,34.0,25.2,29.3,91,42,12.2,0.0,5.96,Ben Arous,electricity,76.0,79,299.0,79
2026-07-31,32.3,25.1,28.9,94,53,14.3,0.0,5.81,Bizerte,electricity,174.0,186,197.0,186
2026-07-31,33.0,26.8,30.1,78,40,16.2,0.1,6.45,Gabes,,,0,,0
2026-07-31,38.0,24.7,31.8,79,18,17.6,0.0,7.76,Gafsa,electricity,3.0,3,6.0,3
2026-07-31,39.4,24.3,31.6,87,14,18.0,0.0,6.74,Jendouba,electricity,0.0,0,5.0,0
2026-07-31,37.4,24.5,30.8,93,26,15.1,0.0,6.67,Kairouan,electricity,2.0,2,8.0,2
2026-07-31,35.1,21.7,29.0,91,22,15.1,0.0,6.88,Kasserine,electricity,1.0,1,10.0,1
2026-07-31,38.0,25.9,32.1,61,22,20.6,0.0,8.68,Kebili,,,0,,0
2026-07-31,34.8,20.7,28.1,89,20,15.6,0.0,6.88,Kef,,,0,,0
2026-07-31,34.1,24.6,29.4,92,39,17.5,0.0,6.28,Mahdia,electricity,9.0,9,39.0,9
2026-07-31,36.8,24.2,30.1,94,27,12.1,0.0,6.31,Manouba,electricity,60.0,65,203.0,65
2026-07-31,34.5,25.9,30.1,82,33,19.9,0.3,7.04,Medenine,,,0,,0
2026-07-31,33.3,26.7,29.6,87,45,14.8,0.0,6.11,Monastir,electricity,16.0,16,38.0,16
2026-07-31,33.8,24.7,29.3,91,38,14.9,0.0,6.16,Nabeul,electricity,45.0,45,152.0,45
2026-07-31,34.2,24.5,29.6,83,41,12.8,0.3,6.28,Sfax,electricity,75.0,80,218.0,80
2026-07-31,36.8,23.4,30.2,89,22,16.5,0.0,7.08,Sidi Bouzid,electricity,2.0,2,8.0,2
2026-07-31,36.0,21.5,28.9,90,21,13.2,0.0,6.7,Siliana,electricity,0.0,0,3.0,0
2026-07-31,34.4,24.9,29.6,93,37,12.8,0.0,6.25,Sousse,electricity,28.0,28,92.0,28
2026-07-31,33.5,24.3,28.6,88,34,22.6,0.6,6.8,Tataouine,electricity,1.0,1,16.0,1
2026-07-31,38.8,28.0,33.7,59,21,24.0,0.0,8.33,Tozeur,electricity,3.0,3,5.0,3
2026-07-31,35.9,25.2,30.2,92,29,11.1,0.0,6.2,Tunis,electricity,157.0,183,383.0,183
2026-07-31,36.1,23.1,29.0,100,25,13.0,0.0,6.41,Zaghouan,electricity,4.0,4,7.0,4
2026-08-01,35.5,24.9,30.1,86,32,14.2,0.0,6.23,Ariana,electricity,89.0,93,431.0,93
2026-08-01,37.4,23.8,30.7,68,23,15.1,0.0,6.97,Beja,,,0,,0
2026-08-01,35.3,24.1,29.7,86,35,13.9,0.0,6.24,Ben Arous,electricity,87.0,88,214.0,88
2026-08-01,34.9,24.9,29.6,89,34,16.4,0.0,6.33,Bizerte,electricity,91.0,101,122.0,101
2026-08-01,35.3,27.5,30.8,80,33,16.4,0.0,6.63,Gabes,,,0,,0
2026-08-01,39.0,25.7,32.3,66,20,16.5,0.4,7.29,Gafsa,electricity,6.0,6,2.0,6
2026-08-01,40.4,25.0,32.4,62,20,15.3,0.0,6.76,Jendouba,electricity,3.0,3,6.0,3
2026-08-01,38.6,24.0,31.6,76,21,14.2,0.0,7.12,Kairouan,electricity,1.0,1,4.0,1
2026-08-01,36.9,23.1,30.2,59,17,16.0,0.0,7.36,Kasserine,electricity,5.0,5,5.0,5
2026-08-01,38.7,26.6,33.2,77,25,19.6,0.0,7.48,Kebili,,,0,,0
2026-08-01,35.4,23.1,29.2,67,18,16.0,0.0,7.03,Kef,,,0,,0
2026-08-01,34.3,25.3,29.6,87,41,19.0,0.0,6.44,Mahdia,electricity,24.0,24,40.0,24
2026-08-01,38.4,23.7,31.0,84,25,12.0,0.0,6.6,Manouba,electricity,70.0,73,171.0,73
2026-08-01,36.7,24.3,30.5,87,19,20.7,0.0,7.47,Medenine,,,0,,0
2026-08-01,33.5,26.5,29.8,79,46,13.6,0.0,6.24,Monastir,electricity,6.0,6,29.0,6
2026-08-01,35.1,24.4,29.5,88,34,12.0,0.0,6.18,Nabeul,electricity,61.0,61,116.0,61
2026-08-01,36.4,24.8,30.0,84,28,17.3,0.0,6.57,Sfax,electricity,72.0,74,164.0,74
2026-08-01,37.6,24.7,31.2,65,18,15.7,0.0,7.52,Sidi Bouzid,electricity,2.0,2,7.0,2
2026-08-01,36.4,23.3,30.1,73,22,13.8,0.0,7.02,Siliana,electricity,1.0,1,6.0,1
2026-08-01,35.2,24.1,29.7,83,32,12.7,0.0,6.44,Sousse,electricity,25.0,25,78.0,25
2026-08-01,36.5,23.0,29.5,85,17,21.5,0.0,7.42,Tataouine,electricity,2.0,2,12.0,2
2026-08-01,39.2,28.6,34.5,55,22,26.1,0.0,8.5,Tozeur,electricity,1.0,1,4.0,1
2026-08-01,37.2,24.7,30.7,85,28,13.3,0.0,6.33,Tunis,electricity,113.0,120,244.0,120
2026-08-01,37.0,22.3,29.6,87,23,14.9,0.0,6.72,Zaghouan,electricity,3.0,3,11.0,3
2026-08-02,38.8,25.3,31.4,71,20,12.7,0.0,6.54,Ariana,electricity,149.0,166,387.0,166
2026-08-02,40.2,22.6,31.5,73,12,14.4,0.0,6.25,Beja,,,0,,0
2026-08-02,37.7,24.6,31.2,78,24,14.2,0.0,6.76,Ben Arous,electricity,87.0,88,217.0,88
2026-08-02,34.2,25.1,29.5,91,41,13.4,0.0,5.97,Bizerte,electricity,54.0,55,89.0,55
2026-08-02,34.9,26.4,31.0,91,35,16.4,0.0,6.63,Gabes,,,0,,0
2026-08-02,38.1,25.6,32.5,62,20,13.2,0.3,7.12,Gafsa,electricity,0.0,0,1.0,0
2026-08-02,41.1,23.4,32.5,78,11,11.4,0.0,6.32,Jendouba,electricity,4.0,4,4.0,4
2026-08-02,40.7,24.9,33.0,66,15,22.2,0.0,7.11,Kairouan,electricity,1.0,1,3.0,1
2026-08-02,37.2,23.3,30.0,46,18,7.3,2.5,5.82,Kasserine,electricity,4.0,4,7.0,4
2026-08-02,40.1,26.5,33.9,83,16,18.1,0.0,7.8,Kebili,,,0,,0
2026-08-02,37.6,22.3,30.1,51,12,16.4,0.0,6.84,Kef,,,0,,0
2026-08-02,35.1,24.8,30.1,90,32,17.4,0.0,6.52,Mahdia,electricity,9.0,9,40.0,9
2026-08-02,40.6,24.1,31.9,70,15,13.0,0.0,6.55,Manouba,electricity,81.0,98,188.0,98
2026-08-02,37.7,24.8,31.0,83,25,17.2,0.0,7.13,Medenine,,,0,,0
2026-08-02,35.2,25.7,30.9,78,36,17.2,0.0,6.98,Monastir,electricity,8.0,8,26.0,8
2026-08-02,34.6,24.2,29.5,81,33,14.4,0.0,6.25,Nabeul,electricity,31.0,31,129.0,31
2026-08-02,35.6,24.9,30.6,76,32,14.4,0.0,6.67,Sfax,electricity,64.0,64,154.0,64
2026-08-02,39.0,25.0,32.1,66,16,21.3,0.0,7.71,Sidi Bouzid,electricity,1.0,1,4.0,1
2026-08-02,38.7,22.6,31.3,65,13,18.7,0.0,7.31,Siliana,electricity,0.0,0,9.0,0
2026-08-02,37.4,24.9,31.3,78,24,15.3,0.0,6.98,Sousse,electricity,17.0,17,61.0,17
2026-08-02,36.3,23.0,29.8,88,21,19.5,0.0,6.84,Tataouine,electricity,0.0,0,8.0,0
2026-08-02,40.2,28.3,34.8,64,19,26.1,0.0,7.75,Tozeur,electricity,4.0,4,1.0,4
2026-08-02,39.9,25.1,32.1,72,18,10.7,0.0,6.34,Tunis,electricity,105.0,116,249.0,116
2026-08-02,39.6,23.2,30.9,70,17,18.7,0.1,6.77,Zaghouan,electricity,5.0,5,3.0,5
2026-08-03,40.0,27.2,33.4,76,21,12.2,0.0,6.66,Ariana,electricity,1334.0,2994,2018.0,2994
2026-08-03,41.5,24.9,33.5,58,12,15.8,0.2,6.71,Beja,,,0,,0
2026-08-03,39.9,26.8,33.0,75,21,12.3,0.0,6.43,Ben Arous,electricity,953.0,1422,984.0,1422
2026-08-03,35.9,27.9,31.9,78,40,18.0,0.0,6.7,Bizerte,electricity,308.0,350,268.0,350
2026-08-03,37.9,27.5,33.3,51,22,18.6,0.0,8.01,Gabes,,,0,,0
2026-08-03,40.3,27.3,34.2,47,15,13.8,0.1,7.31,Gafsa,electricity,12.0,12,17.0,12
2026-08-03,43.8,24.9,34.1,56,12,10.9,0.4,6.28,Jendouba,electricity,14.0,15,33.0,15
2026-08-03,42.8,27.4,35.1,55,12,21.0,0.1,8.01,Kairouan,electricity,40.0,46,27.0,46
2026-08-03,39.1,24.3,31.7,50,12,15.1,0.0,6.65,Kasserine,electricity,7.0,7,17.0,7
2026-08-03,42.4,27.9,35.8,44,13,20.0,0.0,7.87,Kebili,,,0,,0
2026-08-03,39.2,24.8,31.6,35,12,14.3,0.2,7.25,Kef,,,0,,0
2026-08-03,38.6,25.8,32.2,81,27,28.0,0.0,8.15,Mahdia,electricity,163.0,167,149.0,167
2026-08-03,42.3,26.5,34.0,68,13,12.1,0.0,6.49,Manouba,electricity,566.0,845,621.0,845
2026-08-03,40.5,25.1,33.2,68,15,21.7,0.0,8.21,Medenine,,,0,,0
2026-08-03,42.1,26.7,34.0,67,14,19.5,0.0,8.09,Monastir,electricity,166.0,175,153.0,175
2026-08-03,33.9,27.5,30.0,86,57,16.3,0.0,6.18,Nabeul,electricity,538.0,621,442.0,621
2026-08-03,36.6,27.3,31.7,86,27,15.8,0.0,7.01,Sfax,electricity,951.0,1336,883.0,1336
2026-08-03,41.3,26.8,33.9,45,12,16.4,0.1,8.25,Sidi Bouzid,electricity,39.0,39,34.0,39
2026-08-03,40.5,24.9,33.3,47,13,15.8,0.0,8.2,Siliana,electricity,19.0,19,24.0,19
2026-08-03,42.2,26.9,34.2,63,13,20.8,0.0,7.94,Sousse,electricity,388.0,451,397.0,451
2026-08-03,39.6,24.8,32.7,62,14,14.9,0.0,7.85,Tataouine,electricity,64.0,98,42.0,98
2026-08-03,42.6,29.0,36.4,44,13,13.6,0.0,8.31,Tozeur,electricity,34.0,35,27.0,35
2026-08-03,41.9,26.7,33.7,83,16,10.8,0.1,6.26,Tunis,electricity,461.0,1035,937.0,1035
2026-08-03,41.2,25.8,32.6,62,14,16.3,0.0,7.06,Zaghouan,electricity,79.0,79,46.0,79
2026-08-04,40.5,27.7,33.6,69,24,12.0,0.0,6.7,Ariana,electricity,1129.0,1851,1622.0,1851
2026-08-04,42.0,25.1,33.8,58,12,10.6,0.2,6.57,Beja,,,0,,0
2026-08-04,40.7,27.3,33.0,67,25,14.1,0.2,6.74,Ben Arous,electricity,1101.0,1540,1070.0,1540
2026-08-04,35.8,26.5,31.5,90,45,17.4,0.0,6.0,Bizerte,electricity,243.0,269,240.0,269
2026-08-04,42.3,29.2,35.5,57,13,21.6,0.0,7.73,Gabes,,,0,,0
2026-08-04,43.3,28.5,35.6,35,10,23.6,0.0,8.26,Gafsa,electricity,8.0,9,7.0,9
2026-08-04,42.9,25.5,34.1,63,13,12.4,0.2,6.19,Jendouba,electricity,15.0,16,20.0,16
2026-08-04,42.9,27.7,34.7,59,15,14.9,0.1,7.41,Kairouan,electricity,31.0,34,23.0,34
2026-08-04,39.9,26.1,32.2,48,11,19.6,0.0,6.74,Kasserine,electricity,24.0,24,13.0,24
2026-08-04,45.1,30.0,37.8,37,9,31.0,0.0,10.0,Kebili,,,0,,0
2026-08-04,38.1,24.0,30.8,48,15,16.5,1.1,6.76,Kef,,,0,,0
2026-08-04,35.8,27.7,31.4,75,47,24.1,0.0,7.0,Mahdia,electricity,60.0,61,107.0,61
2026-08-04,42.8,26.0,33.7,70,16,13.1,0.2,6.36,Manouba,electricity,592.0,827,650.0,827
2026-08-04,44.4,28.9,35.9,46,10,22.1,0.0,9.05,Medenine,,,0,,0
2026-08-04,38.7,28.0,33.0,65,34,23.6,0.0,8.05,Monastir,electricity,100.0,103,102.0,103
2026-08-04,33.0,27.8,29.9,79,61,16.7,0.0,6.15,Nabeul,electricity,393.0,432,404.0,432
2026-08-04,36.2,28.5,31.8,83,43,15.4,0.0,6.52,Sfax,electricity,586.0,710,666.0,710
2026-08-04,43.1,27.4,35.1,45,9,21.2,0.0,8.76,Sidi Bouzid,electricity,20.0,20,34.0,20
2026-08-04,41.6,25.4,33.3,40,11,20.1,0.7,7.92,Siliana,electricity,19.0,19,25.0,19
2026-08-04,40.1,27.9,33.6,63,29,16.0,0.0,7.91,Sousse,electricity,156.0,170,252.0,170
2026-08-04,42.9,28.4,35.9,35,11,20.9,0.0,9.61,Tataouine,electricity,17.0,20,41.0,20
2026-08-04,44.4,29.6,37.9,43,9,21.3,0.0,8.78,Tozeur,electricity,24.0,25,19.0,25
2026-08-04,41.6,27.7,33.7,72,21,10.5,0.1,6.31,Tunis,electricity,558.0,965,889.0,965
2026-08-04,40.2,25.0,31.8,68,23,15.2,0.2,6.94,Zaghouan,electricity,84.0,89,54.0,89
2026-08-05,36.0,27.8,31.4,87,37,9.9,0.9,5.54,Ariana,electricity,912.0,1445,1154.0,1445
2026-08-05,35.0,25.7,29.5,82,41,17.9,0.0,6.23,Beja,,,0,,0
2026-08-05,35.4,28.3,30.7,79,41,15.7,0.5,5.5,Ben Arous,electricity,632.0,751,648.0,751
2026-08-05,33.0,27.7,29.8,92,54,23.5,0.0,6.0,Bizerte,electricity,161.0,172,154.0,172
2026-08-05,35.2,28.6,32.1,78,48,20.2,0.0,6.63,Gabes,,,0,,0
2026-08-05,42.3,27.1,34.9,45,11,26.4,0.0,8.7,Gafsa,electricity,8.0,9,7.0,9
2026-08-05,37.1,26.0,30.9,78,32,16.7,0.0,6.49,Jendouba,electricity,6.0,6,7.0,6
2026-08-05,40.1,27.8,32.5,78,21,15.5,0.1,6.42,Kairouan,electricity,11.0,11,10.0,11
2026-08-05,38.5,23.9,30.4,60,16,21.2,0.8,6.68,Kasserine,electricity,9.0,9,4.0,9
2026-08-05,45.8,30.2,37.2,44,8,31.3,0.0,10.84,Kebili,,,0,,0
2026-08-05,33.9,22.0,27.4,81,29,17.5,0.2,6.3,Kef,,,0,,0
2026-08-05,33.9,26.7,30.5,85,54,22.2,0.0,5.68,Mahdia,electricity,61.0,63,76.0,63
2026-08-05,37.4,27.5,31.8,89,33,9.9,0.5,5.55,Manouba,electricity,289.0,348,384.0,348
2026-08-05,42.2,27.4,34.6,60,16,28.5,0.0,9.0,Medenine,,,0,,0
2026-08-05,35.4,26.8,30.8,83,44,17.8,0.1,5.89,Monastir,electricity,72.0,73,78.0,73
2026-08-05,32.6,27.0,29.7,85,57,14.8,0.7,5.21,Nabeul,electricity,342.0,367,296.0,367
2026-08-05,34.8,28.1,31.5,82,46,15.7,0.0,6.32,Sfax,electricity,336.0,376,417.0,376
2026-08-05,39.0,25.6,32.2,61,19,19.5,0.8,6.82,Sidi Bouzid,electricity,11.0,11,11.0,11
2026-08-05,36.1,25.3,30.2,73,28,13.9,0.6,6.36,Siliana,electricity,4.0,4,14.0,4
2026-08-05,34.9,27.0,31.0,81,41,13.7,0.4,6.02,Sousse,electricity,210.0,230,173.0,230
2026-08-05,43.9,28.6,36.0,36,11,26.7,0.0,8.61,Tataouine,electricity,19.0,20,23.0,20
2026-08-05,45.6,30.6,38.2,40,9,26.8,0.0,11.41,Tozeur,electricity,19.0,19,13.0,19
2026-08-05,36.9,28.1,31.5,85,32,11.6,1.0,5.37,Tunis,electricity,309.0,424,520.0,424
2026-08-05,37.3,25.8,30.8,81,30,9.6,1.0,5.76,Zaghouan,electricity,50.0,50,39.0,50
2026-08-06,34.3,26.4,29.7,84,41,17.0,0.0,6.35,Ariana,electricity,624.0,851,862.0,851
2026-08-06,32.9,24.1,27.9,92,43,20.7,0.0,6.04,Beja,,,0,,0
2026-08-06,34.8,26.4,30.0,83,38,15.7,0.0,6.42,Ben Arous,electricity,350.0,388,478.0,388
2026-08-06,31.3,26.9,28.8,82,58,24.1,0.0,6.1,Bizerte,electricity,75.0,81,118.0,81
2026-08-06,32.7,29.6,30.8,78,51,26.4,0.0,6.7,Gabes,,,0,,0
2026-08-06,38.9,26.2,32.5,84,16,26.5,0.0,8.51,Gafsa,electricity,1.0,1,4.0,1
2026-08-06,35.1,24.1,29.3,90,36,19.3,0.0,6.18,Jendouba,electricity,5.0,5,11.0,5
2026-08-06,37.9,27.1,31.8,81,25,19.4,0.0,7.1,Kairouan,electricity,4.0,4,5.0,4
2026-08-06,35.7,23.4,29.6,78,18,15.9,0.0,7.35,Kasserine,electricity,2.0,2,4.0,2
2026-08-06,38.7,28.4,33.3,64,25,36.5,0.0,10.55,Kebili,,,0,,0
2026-08-06,31.9,19.9,25.5,100,28,19.2,0.0,6.13,Kef,,,0,,0
2026-08-06,33.1,27.9,30.1,85,51,17.7,0.0,6.23,Mahdia,electricity,42.0,42,44.0,42
2026-08-06,34.7,26.0,29.8,86,39,17.6,0.0,6.36,Manouba,electricity,151.0,184,272.0,184
2026-08-06,35.5,27.5,31.1,83,41,29.8,0.0,7.61,Medenine,,,0,,0
2026-08-06,33.0,27.8,30.0,81,52,19.8,0.0,6.22,Monastir,electricity,55.0,59,49.0,59
2026-08-06,34.4,25.7,29.2,86,40,21.8,0.0,6.49,Nabeul,electricity,182.0,187,202.0,187
2026-08-06,34.2,27.5,30.4,88,47,19.0,0.3,6.47,Sfax,electricity,197.0,210,265.0,210
2026-08-06,37.9,25.6,31.3,90,19,24.8,0.0,7.78,Sidi Bouzid,electricity,8.0,8,4.0,8
2026-08-06,33.7,22.5,27.8,97,30,19.5,0.0,6.5,Siliana,electricity,2.0,2,9.0,2
2026-08-06,33.7,26.9,30.1,83,48,14.6,0.1,6.25,Sousse,electricity,70.0,70,109.0,70
2026-08-06,37.0,26.0,30.7,80,25,28.0,0.0,7.68,Tataouine,electricity,21.0,26,22.0,26
2026-08-06,41.6,30.0,35.8,59,18,30.5,0.0,10.32,Tozeur,electricity,2.0,2,3.0,2
2026-08-06,35.0,26.4,30.1,84,39,14.8,0.0,6.3,Tunis,electricity,212.0,308,393.0,308
2026-08-06,35.6,24.8,29.4,90,28,19.3,0.0,6.76,Zaghouan,electricity,14.0,14,10.0,14
2026-08-07,36.0,26.5,30.6,82,36,16.5,0.0,6.56,Ariana,electricity,164.0,185,477.0,185
2026-08-07,34.2,24.1,28.4,89,37,21.3,0.0,6.32,Beja,,,0,,0
2026-08-07,36.1,26.6,30.8,81,37,15.3,0.0,6.62,Ben Arous,electricity,93.0,97,275.0,97
2026-08-07,32.6,27.4,29.4,82,57,24.5,0.0,6.29,Bizerte,electricity,39.0,40,56.0,40
2026-08-07,33.6,28.3,30.5,75,49,15.9,0.0,6.18,Gabes,,,0,,0
2026-08-07,38.7,24.8,31.7,76,17,21.9,0.0,7.9,Gafsa,electricity,0.0,0,1.0,0
2026-08-07,37.0,24.4,30.0,83,26,16.8,0.1,6.56,Jendouba,electricity,0.0,0,4.0,0
2026-08-07,37.0,25.4,31.2,74,29,19.1,0.0,6.74,Kairouan,electricity,4.0,4,4.0,4
2026-08-07,33.7,21.6,28.3,72,23,17.2,0.2,6.88,Kasserine,electricity,0.0,0,1.0,0
2026-08-07,38.6,27.0,32.6,77,19,24.5,0.0,8.21,Kebili,,,0,,0
2026-08-07,32.1,19.8,25.7,89,27,20.0,0.1,5.98,Kef,,,0,,0
2026-08-07,34.1,27.0,29.8,84,50,21.4,0.0,6.17,Mahdia,electricity,28.0,29,41.0,29
2026-08-07,36.0,26.3,30.5,83,34,17.8,0.3,6.48,Manouba,electricity,35.0,37,137.0,37
2026-08-07,35.2,26.3,30.3,89,35,22.4,0.0,6.84,Medenine,,,0,,0
2026-08-07,33.5,27.2,29.8,83,55,19.8,0.0,6.15,Monastir,electricity,7.0,7,29.0,7
2026-08-07,35.4,26.1,29.9,84,37,21.9,0.0,6.82,Nabeul,electricity,41.0,43,128.0,43
2026-08-07,36.6,26.2,31.0,76,25,16.8,0.3,6.56,Sfax,electricity,47.0,47,144.0,47
2026-08-07,35.5,24.0,30.1,67,23,19.0,0.2,6.95,Sidi Bouzid,electricity,5.0,5,1.0,5
2026-08-07,33.9,23.0,28.1,89,29,20.1,0.1,6.53,Siliana,electricity,0.0,0,3.0,0
2026-08-07,35.1,26.0,30.0,79,40,18.1,0.0,6.29,Sousse,electricity,52.0,52,78.0,52
2026-08-07,34.7,24.4,28.9,96,33,22.2,0.1,6.9,Tataouine,electricity,3.0,3,6.0,3
2026-08-07,39.8,28.4,34.3,68,18,23.4,0.2,7.83,Tozeur,electricity,5.0,5,1.0,5
2026-08-07,36.5,26.5,30.9,83,33,15.4,0.0,6.46,Tunis,electricity,102.0,108,211.0,108
2026-08-07,35.9,24.9,29.8,87,32,19.4,0.1,6.82,Zaghouan,electricity,8.0,8,12.0,8
2026-08-08,36.2,26.0,30.3,79,32,14.4,0.0,6.77,Ariana,electricity,84.0,87,278.0,87
2026-08-08,35.0,22.7,28.2,91,28,18.3,0.0,6.53,Beja,,,0,,0
2026-08-08,35.9,26.0,30.3,77,34,15.5,0.1,6.65,Ben Arous,electricity,52.0,54,175.0,54
2026-08-08,31.8,26.6,28.8,82,56,23.0,0.0,6.25,Bizerte,electricity,23.0,24,31.0,24
2026-08-08,33.4,28.6,30.7,75,42,14.4,0.0,6.58,Gabes,,,0,,0
2026-08-08,38.2,25.2,32.2,61,17,18.7,0.0,7.26,Gafsa,electricity,3.0,3,9.0,3
2026-08-08,38.2,23.7,30.5,83,21,17.0,0.0,6.58,Jendouba,electricity,1.0,1,4.0,1
2026-08-08,38.9,24.8,32.0,67,20,19.3,0.0,6.8,Kairouan,electricity,1.0,1,5.0,1
2026-08-08,36.5,20.8,29.3,69,14,16.6,0.0,6.49,Kasserine,electricity,1.0,1,2.0,1
2026-08-08,38.8,27.0,33.1,82,18,16.2,0.0,8.08,Kebili,,,0,,0
2026-08-08,33.8,19.9,26.6,87,21,16.6,0.0,6.5,Kef,,,0,,0
2026-08-08,35.0,26.7,30.5,79,35,17.0,0.0,6.81,Mahdia,electricity,32.0,34,39.0,34
2026-08-08,36.7,25.4,30.4,82,29,16.0,0.0,6.87,Manouba,electricity,22.0,24,85.0,24
2026-08-08,35.5,25.5,30.2,86,38,17.1,0.0,6.65,Medenine,,,0,,0
2026-08-08,34.6,27.2,30.5,78,40,15.3,0.0,6.73,Monastir,electricity,6.0,6,35.0,6
2026-08-08,36.7,26.2,30.4,81,30,22.5,0.1,7.67,Nabeul,electricity,33.0,34,63.0,34
2026-08-08,35.1,26.1,30.4,78,35,15.5,0.0,6.31,Sfax,electricity,49.0,50,80.0,50
2026-08-08,37.1,23.3,30.6,72,19,19.4,0.0,6.56,Sidi Bouzid,electricity,8.0,8,9.0,8
2026-08-08,35.9,22.3,28.8,79,23,18.6,0.0,6.73,Siliana,electricity,0.0,0,3.0,0
2026-08-08,35.7,26.1,30.6,74,32,14.3,0.0,6.82,Sousse,electricity,12.0,12,63.0,12
2026-08-08,34.9,23.7,29.0,94,31,18.9,0.0,6.66,Tataouine,electricity,5.0,5,6.0,5
2026-08-08,39.5,28.6,34.5,72,19,16.9,0.0,7.02,Tozeur,electricity,1.0,1,9.0,1
2026-08-08,37.0,25.9,30.7,79,29,12.6,0.0,6.68,Tunis,electricity,52.0,56,121.0,56
2026-08-08,36.9,24.4,30.1,80,27,17.6,0.0,7.1,Zaghouan,electricity,4.0,4,5.0,4
2026-08-09,34.8,24.6,29.3,86,38,13.6,0.0,5.96,Ariana,electricity,102.0,103,228.0,103
2026-08-09,37.9,20.7,29.3,94,19,19.5,0.0,6.3,Beja,,,0,,0
2026-08-09,33.9,24.8,29.0,82,42,16.5,0.0,5.89,Ben Arous,electricity,63.0,63,117.0,63
2026-08-09,31.8,24.6,28.3,90,57,16.8,0.0,5.62,Bizerte,electricity,25.0,26,46.0,26
2026-08-09,33.7,26.9,30.8,88,50,17.6,0.0,6.29,Gabes,,,0,,0
2026-08-09,37.9,24.8,32.2,70,20,14.3,0.0,7.14,Gafsa,electricity,1.0,1,5.0,1
2026-08-09,39.6,21.7,30.7,86,11,17.0,0.0,6.82,Jendouba,electricity,0.0,0,3.0,0
2026-08-09,38.8,25.9,31.9,77,17,18.0,0.0,6.51,Kairouan,electricity,1.0,1,1.0,1
2026-08-09,37.9,22.3,30.1,63,9,15.0,0.0,6.93,Kasserine,electricity,4.0,4,2.0,4
2026-08-09,40.2,26.4,33.9,82,17,17.6,0.0,7.39,Kebili,,,0,,0
2026-08-09,35.4,20.0,28.0,61,10,12.7,0.0,6.56,Kef,,,0,,0
2026-08-09,34.0,26.3,29.8,87,46,20.1,0.0,6.16,Mahdia,electricity,33.0,35,35.0,35
2026-08-09,37.3,23.4,29.9,89,31,13.7,0.0,6.04,Manouba,electricity,13.0,13,83.0,13
2026-08-09,37.7,24.0,30.4,99,26,19.7,0.0,6.64,Medenine,,,0,,0
2026-08-09,33.0,26.7,29.6,84,48,17.6,0.0,6.13,Monastir,electricity,17.0,17,23.0,17
2026-08-09,32.7,24.5,28.7,89,47,16.2,0.0,5.82,Nabeul,electricity,42.0,43,56.0,43
2026-08-09,34.6,26.1,30.3,84,42,13.8,0.0,5.82,Sfax,electricity,25.0,25,66.0,25
2026-08-09,38.3,24.2,31.3,78,17,24.1,0.0,6.55,Sidi Bouzid,electricity,4.0,4,4.0,4
2026-08-09,36.4,21.5,29.1,73,12,16.9,0.0,6.55,Siliana,electricity,0.0,0,3.0,0
2026-08-09,34.1,25.1,29.5,84,39,14.3,0.0,6.12,Sousse,electricity,19.0,20,47.0,20
2026-08-09,36.6,22.3,29.5,96,24,17.2,0.0,6.86,Tataouine,electricity,0.0,0,7.0,0
2026-08-09,40.2,28.2,34.9,70,18,17.4,0.0,7.84,Tozeur,electricity,0.0,0,1.0,0
2026-08-09,36.0,24.4,29.8,86,35,11.6,0.0,5.97,Tunis,electricity,57.0,61,105.0,61
2026-08-09,37.7,22.1,29.1,90,23,16.8,0.2,6.08,Zaghouan,electricity,4.0,4,5.0,4
